image_path,subject,gesture_label
data/gesture_dataset/Yash/FORWARD/001.jpg,Yash,FORWARD
data/gesture_dataset/Yash/FORWARD/002.jpg,Yash,FORWARD
data/gesture_dataset/Yash/FORWARD/003.jpg,Yash,FORWARD
data/gesture_dataset/Yash/FORWARD/004.jpg,Yash,FORWARD
data/gesture_dataset/Yash/FORWARD/005.jpg,Yash,FORWARD
data/gesture_dataset/Yash/FORWARD/006.jpg,Yash,FORWARD
data/gesture_dataset/Yash/FORWARD/007.jpg,Yash,FORWARD
data/gesture_dataset/Yash/FORWARD/008.jpg,Yash,FORWARD
data/gesture_dataset/Yash/FORWARD/009.jpg,Yash,FORWARD
data/gesture_dataset/Yash/FORWARD/010.jpg,Yash,FORWARD
data/gesture_dataset/Yash/FORWARD/011.jpg,Yash,FORWARD
data/gesture_dataset/Yash/FORWARD/012.jpg,Yash,FORWARD
data/gesture_dataset/Yash/FORWARD/013.jpg,Yash,FORWARD
data/gesture_dataset/Yash/FORWARD/014.jpg,Yash,FORWARD
data/gesture_dataset/Yash/FORWARD/015.jpg,Yash,FORWARD
data/gesture_dataset/Yash/FORWARD/016.jpg,Yash,FORWARD
data/gesture_dataset/Yash/FORWARD/017.jpg,Yash,FORWARD
data/gesture_dataset/Yash/FORWARD/018.jpg,Yash,FORWARD
data/gesture_dataset/Yash/FORWARD/019.jpg,Yash,FORWARD
data/gesture_dataset/Yash/FORWARD/020.jpg,Yash,FORWARD
data/gesture_dataset/Yash/FORWARD/021.jpg,Yash,FORWARD
data/gesture_dataset/Yash/FORWARD/022.jpg,Yash,FORWARD
data/gesture_dataset/Yash/FORWARD/023.jpg,Yash,FORWARD
data/gesture_dataset/Yash/FORWARD/024.jpg,Yash,FORWARD
data/gesture_dataset/Yash/FORWARD/025.jpg,Yash,FORWARD
data/gesture_dataset/Yash/FORWARD/026.jpg,Yash,FORWARD
data/gesture_dataset/Yash/FORWARD/027.jpg,Yash,FORWARD
data/gesture_dataset/Yash/FORWARD/028.jpg,Yash,FORWARD
data/gesture_dataset/Yash/FORWARD/029.jpg,Yash,FORWARD
data/gesture_dataset/Yash/FORWARD/030.jpg,Yash,FORWARD
data/gesture_dataset/Yash/BACKWARD/001.jpg,Yash,BACKWARD
data/gesture_dataset/Yash/BACKWARD/002.jpg,Yash,BACKWARD
data/gesture_dataset/Yash/BACKWARD/003.jpg,Yash,BACKWARD
data/gesture_dataset/Yash/BACKWARD/004.jpg,Yash,BACKWARD
data/gesture_dataset/Yash/BACKWARD/005.jpg,Yash,BACKWARD
data/gesture_dataset/Yash/BACKWARD/006.jpg,Yash,BACKWARD
data/gesture_dataset/Yash/BACKWARD/007.jpg,Yash,BACKWARD
data/gesture_dataset/Yash/BACKWARD/008.jpg,Yash,BACKWARD
data/gesture_dataset/Yash/BACKWARD/009.jpg,Yash,BACKWARD
data/gesture_dataset/Yash/BACKWARD/010.jpg,Yash,BACKWARD
data/gesture_dataset/Yash/BACKWARD/011.jpg,Yash,BACKWARD
data/gesture_dataset/Yash/BACKWARD/012.jpg,Yash,BACKWARD
data/gesture_dataset/Yash/BACKWARD/013.jpg,Yash,BACKWARD
data/gesture_dataset/Yash/BACKWARD/014.jpg,Yash,BACKWARD
data/gesture_dataset/Yash/BACKWARD/015.jpg,Yash,BACKWARD
data/gesture_dataset/Yash/BACKWARD/016.jpg,Yash,BACKWARD
data/gesture_dataset/Yash/BACKWARD/017.jpg,Yash,BACKWARD
data/gesture_dataset/Yash/BACKWARD/018.jpg,Yash,BACKWARD
data/gesture_dataset/Yash/BACKWARD/019.jpg,Yash,BACKWARD
data/gesture_dataset/Yash/BACKWARD/020.jpg,Yash,BACKWARD
data/gesture_dataset/Yash/BACKWARD/021.jpg,Yash,BACKWARD
data/gesture_dataset/Yash/BACKWARD/022.jpg,Yash,BACKWARD
data/gesture_dataset/Yash/BACKWARD/023.jpg,Yash,BACKWARD
data/gesture_dataset/Yash/BACKWARD/024.jpg,Yash,BACKWARD
data/gesture_dataset/Yash/BACKWARD/025.jpg,Yash,BACKWARD
data/gesture_dataset/Yash/BACKWARD/026.jpg,Yash,BACKWARD
data/gesture_dataset/Yash/BACKWARD/027.jpg,Yash,BACKWARD
data/gesture_dataset/Yash/BACKWARD/028.jpg,Yash,BACKWARD
data/gesture_dataset/Yash/BACKWARD/029.jpg,Yash,BACKWARD
data/gesture_dataset/Yash/BACKWARD/030.jpg,Yash,BACKWARD
data/gesture_dataset/Yash/LEFT/001.jpg,Yash,LEFT
data/gesture_dataset/Yash/LEFT/002.jpg,Yash,LEFT
data/gesture_dataset/Yash/LEFT/003.jpg,Yash,LEFT
data/gesture_dataset/Yash/LEFT/004.jpg,Yash,LEFT
data/gesture_dataset/Yash/LEFT/005.jpg,Yash,LEFT
data/gesture_dataset/Yash/LEFT/006.jpg,Yash,LEFT
data/gesture_dataset/Yash/LEFT/007.jpg,Yash,LEFT
data/gesture_dataset/Yash/LEFT/008.jpg,Yash,LEFT
data/gesture_dataset/Yash/LEFT/009.jpg,Yash,LEFT
data/gesture_dataset/Yash/LEFT/010.jpg,Yash,LEFT
data/gesture_dataset/Yash/LEFT/011.jpg,Yash,LEFT
data/gesture_dataset/Yash/LEFT/012.jpg,Yash,LEFT
data/gesture_dataset/Yash/LEFT/013.jpg,Yash,LEFT
data/gesture_dataset/Yash/LEFT/014.jpg,Yash,LEFT
data/gesture_dataset/Yash/LEFT/015.jpg,Yash,LEFT
data/gesture_dataset/Yash/LEFT/016.jpg,Yash,LEFT
data/gesture_dataset/Yash/LEFT/017.jpg,Yash,LEFT
data/gesture_dataset/Yash/LEFT/018.jpg,Yash,LEFT
data/gesture_dataset/Yash/LEFT/019.jpg,Yash,LEFT
data/gesture_dataset/Yash/LEFT/020.jpg,Yash,LEFT
data/gesture_dataset/Yash/LEFT/021.jpg,Yash,LEFT
data/gesture_dataset/Yash/LEFT/022.jpg,Yash,LEFT
data/gesture_dataset/Yash/LEFT/023.jpg,Yash,LEFT
data/gesture_dataset/Yash/LEFT/024.jpg,Yash,LEFT
data/gesture_dataset/Yash/LEFT/025.jpg,Yash,LEFT
data/gesture_dataset/Yash/LEFT/026.jpg,Yash,LEFT
data/gesture_dataset/Yash/LEFT/027.jpg,Yash,LEFT
data/gesture_dataset/Yash/LEFT/028.jpg,Yash,LEFT
data/gesture_dataset/Yash/LEFT/029.jpg,Yash,LEFT
data/gesture_dataset/Yash/LEFT/030.jpg,Yash,LEFT
data/gesture_dataset/Yash/RIGHT/001.jpg,Yash,RIGHT
data/gesture_dataset/Yash/RIGHT/002.jpg,Yash,RIGHT
data/gesture_dataset/Yash/RIGHT/003.jpg,Yash,RIGHT
data/gesture_dataset/Yash/RIGHT/004.jpg,Yash,RIGHT
data/gesture_dataset/Yash/RIGHT/005.jpg,Yash,RIGHT
data/gesture_dataset/Yash/RIGHT/006.jpg,Yash,RIGHT
data/gesture_dataset/Yash/RIGHT/007.jpg,Yash,RIGHT
data/gesture_dataset/Yash/RIGHT/008.jpg,Yash,RIGHT
data/gesture_dataset/Yash/RIGHT/009.jpg,Yash,RIGHT
data/gesture_dataset/Yash/RIGHT/010.jpg,Yash,RIGHT
data/gesture_dataset/Yash/RIGHT/011.jpg,Yash,RIGHT
data/gesture_dataset/Yash/RIGHT/012.jpg,Yash,RIGHT
data/gesture_dataset/Yash/RIGHT/013.jpg,Yash,RIGHT
data/gesture_dataset/Yash/RIGHT/014.jpg,Yash,RIGHT
data/gesture_dataset/Yash/RIGHT/015.jpg,Yash,RIGHT
data/gesture_dataset/Yash/RIGHT/016.jpg,Yash,RIGHT
data/gesture_dataset/Yash/RIGHT/017.jpg,Yash,RIGHT
data/gesture_dataset/Yash/RIGHT/018.jpg,Yash,RIGHT
data/gesture_dataset/Yash/RIGHT/019.jpg,Yash,RIGHT
data/gesture_dataset/Yash/RIGHT/020.jpg,Yash,RIGHT
data/gesture_dataset/Yash/RIGHT/021.jpg,Yash,RIGHT
data/gesture_dataset/Yash/RIGHT/022.jpg,Yash,RIGHT
data/gesture_dataset/Yash/RIGHT/023.jpg,Yash,RIGHT
data/gesture_dataset/Yash/RIGHT/024.jpg,Yash,RIGHT
data/gesture_dataset/Yash/RIGHT/025.jpg,Yash,RIGHT
data/gesture_dataset/Yash/RIGHT/026.jpg,Yash,RIGHT
data/gesture_dataset/Yash/RIGHT/027.jpg,Yash,RIGHT
data/gesture_dataset/Yash/RIGHT/028.jpg,Yash,RIGHT
data/gesture_dataset/Yash/RIGHT/029.jpg,Yash,RIGHT
data/gesture_dataset/Yash/RIGHT/030.jpg,Yash,RIGHT
data/gesture_dataset/Yash/SIT/001.jpg,Yash,SIT
data/gesture_dataset/Yash/SIT/002.jpg,Yash,SIT
data/gesture_dataset/Yash/SIT/003.jpg,Yash,SIT
data/gesture_dataset/Yash/SIT/004.jpg,Yash,SIT
data/gesture_dataset/Yash/SIT/005.jpg,Yash,SIT
data/gesture_dataset/Yash/SIT/006.jpg,Yash,SIT
data/gesture_dataset/Yash/SIT/007.jpg,Yash,SIT
data/gesture_dataset/Yash/SIT/008.jpg,Yash,SIT
data/gesture_dataset/Yash/SIT/009.jpg,Yash,SIT
data/gesture_dataset/Yash/SIT/010.jpg,Yash,SIT
data/gesture_dataset/Yash/SIT/011.jpg,Yash,SIT
data/gesture_dataset/Yash/SIT/012.jpg,Yash,SIT
data/gesture_dataset/Yash/SIT/013.jpg,Yash,SIT
data/gesture_dataset/Yash/SIT/014.jpg,Yash,SIT
data/gesture_dataset/Yash/SIT/015.jpg,Yash,SIT
data/gesture_dataset/Yash/SIT/016.jpg,Yash,SIT
data/gesture_dataset/Yash/SIT/017.jpg,Yash,SIT
data/gesture_dataset/Yash/SIT/018.jpg,Yash,SIT
data/gesture_dataset/Yash/SIT/019.jpg,Yash,SIT
data/gesture_dataset/Yash/SIT/020.jpg,Yash,SIT
data/gesture_dataset/Yash/SIT/021.jpg,Yash,SIT
data/gesture_dataset/Yash/SIT/022.jpg,Yash,SIT
data/gesture_dataset/Yash/SIT/023.jpg,Yash,SIT
data/gesture_dataset/Yash/SIT/024.jpg,Yash,SIT
data/gesture_dataset/Yash/SIT/025.jpg,Yash,SIT
data/gesture_dataset/Yash/SIT/026.jpg,Yash,SIT
data/gesture_dataset/Yash/SIT/027.jpg,Yash,SIT
data/gesture_dataset/Yash/SIT/028.jpg,Yash,SIT
data/gesture_dataset/Yash/SIT/029.jpg,Yash,SIT
data/gesture_dataset/Yash/SIT/030.jpg,Yash,SIT
data/gesture_dataset/Yash/STAND/001.jpg,Yash,STAND
data/gesture_dataset/Yash/STAND/002.jpg,Yash,STAND
data/gesture_dataset/Yash/STAND/003.jpg,Yash,STAND
data/gesture_dataset/Yash/STAND/004.jpg,Yash,STAND
data/gesture_dataset/Yash/STAND/005.jpg,Yash,STAND
data/gesture_dataset/Yash/STAND/006.jpg,Yash,STAND
data/gesture_dataset/Yash/STAND/007.jpg,Yash,STAND
data/gesture_dataset/Yash/STAND/008.jpg,Yash,STAND
data/gesture_dataset/Yash/STAND/009.jpg,Yash,STAND
data/gesture_dataset/Yash/STAND/010.jpg,Yash,STAND
data/gesture_dataset/Yash/STAND/011.jpg,Yash,STAND
data/gesture_dataset/Yash/STAND/012.jpg,Yash,STAND
data/gesture_dataset/Yash/STAND/013.jpg,Yash,STAND
data/gesture_dataset/Yash/STAND/014.jpg,Yash,STAND
data/gesture_dataset/Yash/STAND/015.jpg,Yash,STAND
data/gesture_dataset/Yash/STAND/016.jpg,Yash,STAND
data/gesture_dataset/Yash/STAND/017.jpg,Yash,STAND
data/gesture_dataset/Yash/STAND/018.jpg,Yash,STAND
data/gesture_dataset/Yash/STAND/019.jpg,Yash,STAND
data/gesture_dataset/Yash/STAND/020.jpg,Yash,STAND
data/gesture_dataset/Yash/STAND/021.jpg,Yash,STAND
data/gesture_dataset/Yash/STAND/022.jpg,Yash,STAND
data/gesture_dataset/Yash/STAND/023.jpg,Yash,STAND
data/gesture_dataset/Yash/STAND/024.jpg,Yash,STAND
data/gesture_dataset/Yash/STAND/025.jpg,Yash,STAND
data/gesture_dataset/Yash/STAND/026.jpg,Yash,STAND
data/gesture_dataset/Yash/STAND/027.jpg,Yash,STAND
data/gesture_dataset/Yash/STAND/028.jpg,Yash,STAND
data/gesture_dataset/Yash/STAND/029.jpg,Yash,STAND
data/gesture_dataset/Yash/STAND/030.jpg,Yash,STAND
data/gesture_dataset/Yash/WALK/001.jpg,Yash,WALK
data/gesture_dataset/Yash/WALK/002.jpg,Yash,WALK
data/gesture_dataset/Yash/WALK/003.jpg,Yash,WALK
data/gesture_dataset/Yash/WALK/004.jpg,Yash,WALK
data/gesture_dataset/Yash/WALK/005.jpg,Yash,WALK
data/gesture_dataset/Yash/WALK/006.jpg,Yash,WALK
data/gesture_dataset/Yash/WALK/007.jpg,Yash,WALK
data/gesture_dataset/Yash/WALK/008.jpg,Yash,WALK
data/gesture_dataset/Yash/WALK/009.jpg,Yash,WALK
data/gesture_dataset/Yash/WALK/010.jpg,Yash,WALK
data/gesture_dataset/Yash/WALK/011.jpg,Yash,WALK
data/gesture_dataset/Yash/WALK/012.jpg,Yash,WALK
data/gesture_dataset/Yash/WALK/013.jpg,Yash,WALK
data/gesture_dataset/Yash/WALK/014.jpg,Yash,WALK
data/gesture_dataset/Yash/WALK/015.jpg,Yash,WALK
data/gesture_dataset/Yash/WALK/016.jpg,Yash,WALK
data/gesture_dataset/Yash/WALK/017.jpg,Yash,WALK
data/gesture_dataset/Yash/WALK/018.jpg,Yash,WALK
data/gesture_dataset/Yash/WALK/019.jpg,Yash,WALK
data/gesture_dataset/Yash/WALK/020.jpg,Yash,WALK
data/gesture_dataset/Yash/WALK/021.jpg,Yash,WALK
data/gesture_dataset/Yash/WALK/022.jpg,Yash,WALK
data/gesture_dataset/Yash/WALK/023.jpg,Yash,WALK
data/gesture_dataset/Yash/WALK/024.jpg,Yash,WALK
data/gesture_dataset/Yash/WALK/025.jpg,Yash,WALK
data/gesture_dataset/Yash/WALK/026.jpg,Yash,WALK
data/gesture_dataset/Yash/WALK/027.jpg,Yash,WALK
data/gesture_dataset/Yash/WALK/028.jpg,Yash,WALK
data/gesture_dataset/Yash/WALK/029.jpg,Yash,WALK
data/gesture_dataset/Yash/WALK/030.jpg,Yash,WALK
data/gesture_dataset/Yash/TAIL_WAG/001.jpg,Yash,TAIL_WAG
data/gesture_dataset/Yash/TAIL_WAG/002.jpg,Yash,TAIL_WAG
data/gesture_dataset/Yash/TAIL_WAG/003.jpg,Yash,TAIL_WAG
data/gesture_dataset/Yash/TAIL_WAG/004.jpg,Yash,TAIL_WAG
data/gesture_dataset/Yash/TAIL_WAG/005.jpg,Yash,TAIL_WAG
data/gesture_dataset/Yash/TAIL_WAG/006.jpg,Yash,TAIL_WAG
data/gesture_dataset/Yash/TAIL_WAG/007.jpg,Yash,TAIL_WAG
data/gesture_dataset/Yash/TAIL_WAG/008.jpg,Yash,TAIL_WAG
data/gesture_dataset/Yash/TAIL_WAG/009.jpg,Yash,TAIL_WAG
data/gesture_dataset/Yash/TAIL_WAG/010.jpg,Yash,TAIL_WAG
data/gesture_dataset/Yash/TAIL_WAG/011.jpg,Yash,TAIL_WAG
data/gesture_dataset/Yash/TAIL_WAG/012.jpg,Yash,TAIL_WAG
data/gesture_dataset/Yash/TAIL_WAG/013.jpg,Yash,TAIL_WAG
data/gesture_dataset/Yash/TAIL_WAG/014.jpg,Yash,TAIL_WAG
data/gesture_dataset/Yash/TAIL_WAG/015.jpg,Yash,TAIL_WAG
data/gesture_dataset/Yash/TAIL_WAG/016.jpg,Yash,TAIL_WAG
data/gesture_dataset/Yash/TAIL_WAG/017.jpg,Yash,TAIL_WAG
data/gesture_dataset/Yash/TAIL_WAG/018.jpg,Yash,TAIL_WAG
data/gesture_dataset/Yash/TAIL_WAG/019.jpg,Yash,TAIL_WAG
data/gesture_dataset/Yash/TAIL_WAG/020.jpg,Yash,TAIL_WAG
data/gesture_dataset/Yash/TAIL_WAG/021.jpg,Yash,TAIL_WAG
data/gesture_dataset/Yash/TAIL_WAG/022.jpg,Yash,TAIL_WAG
data/gesture_dataset/Yash/TAIL_WAG/023.jpg,Yash,TAIL_WAG
data/gesture_dataset/Yash/TAIL_WAG/024.jpg,Yash,TAIL_WAG
data/gesture_dataset/Yash/TAIL_WAG/025.jpg,Yash,TAIL_WAG
data/gesture_dataset/Yash/TAIL_WAG/026.jpg,Yash,TAIL_WAG
data/gesture_dataset/Yash/TAIL_WAG/027.jpg,Yash,TAIL_WAG
data/gesture_dataset/Yash/TAIL_WAG/028.jpg,Yash,TAIL_WAG
data/gesture_dataset/Yash/TAIL_WAG/029.jpg,Yash,TAIL_WAG
data/gesture_dataset/Yash/TAIL_WAG/030.jpg,Yash,TAIL_WAG
data/gesture_dataset/Yash/STOP/001.jpg,Yash,STOP
data/gesture_dataset/Yash/STOP/002.jpg,Yash,STOP
data/gesture_dataset/Yash/STOP/003.jpg,Yash,STOP
data/gesture_dataset/Yash/STOP/004.jpg,Yash,STOP
data/gesture_dataset/Yash/STOP/005.jpg,Yash,STOP
data/gesture_dataset/Yash/STOP/006.jpg,Yash,STOP
data/gesture_dataset/Yash/STOP/007.jpg,Yash,STOP
data/gesture_dataset/Yash/STOP/008.jpg,Yash,STOP
data/gesture_dataset/Yash/STOP/009.jpg,Yash,STOP
data/gesture_dataset/Yash/STOP/010.jpg,Yash,STOP
data/gesture_dataset/Yash/STOP/011.jpg,Yash,STOP
data/gesture_dataset/Yash/STOP/012.jpg,Yash,STOP
data/gesture_dataset/Yash/STOP/013.jpg,Yash,STOP
data/gesture_dataset/Yash/STOP/014.jpg,Yash,STOP
data/gesture_dataset/Yash/STOP/015.jpg,Yash,STOP
data/gesture_dataset/Yash/STOP/016.jpg,Yash,STOP
data/gesture_dataset/Yash/STOP/017.jpg,Yash,STOP
data/gesture_dataset/Yash/STOP/018.jpg,Yash,STOP
data/gesture_dataset/Yash/STOP/019.jpg,Yash,STOP
data/gesture_dataset/Yash/STOP/020.jpg,Yash,STOP
data/gesture_dataset/Yash/STOP/021.jpg,Yash,STOP
data/gesture_dataset/Yash/STOP/022.jpg,Yash,STOP
data/gesture_dataset/Yash/STOP/023.jpg,Yash,STOP
data/gesture_dataset/Yash/STOP/024.jpg,Yash,STOP
data/gesture_dataset/Yash/STOP/025.jpg,Yash,STOP
data/gesture_dataset/Yash/STOP/026.jpg,Yash,STOP
data/gesture_dataset/Yash/STOP/027.jpg,Yash,STOP
data/gesture_dataset/Yash/STOP/028.jpg,Yash,STOP
data/gesture_dataset/Yash/STOP/029.jpg,Yash,STOP
data/gesture_dataset/Yash/STOP/030.jpg,Yash,STOP
data/gesture_dataset/Yash/BARK/001.jpg,Yash,BARK
data/gesture_dataset/Yash/BARK/002.jpg,Yash,BARK
data/gesture_dataset/Yash/BARK/003.jpg,Yash,BARK
data/gesture_dataset/Yash/BARK/004.jpg,Yash,BARK
data/gesture_dataset/Yash/BARK/005.jpg,Yash,BARK
data/gesture_dataset/Yash/BARK/006.jpg,Yash,BARK
data/gesture_dataset/Yash/BARK/007.jpg,Yash,BARK
data/gesture_dataset/Yash/BARK/008.jpg,Yash,BARK
data/gesture_dataset/Yash/BARK/009.jpg,Yash,BARK
data/gesture_dataset/Yash/BARK/010.jpg,Yash,BARK
data/gesture_dataset/Yash/BARK/011.jpg,Yash,BARK
data/gesture_dataset/Yash/BARK/012.jpg,Yash,BARK
data/gesture_dataset/Yash/BARK/013.jpg,Yash,BARK
data/gesture_dataset/Yash/BARK/014.jpg,Yash,BARK
data/gesture_dataset/Yash/BARK/015.jpg,Yash,BARK
data/gesture_dataset/Yash/BARK/016.jpg,Yash,BARK
data/gesture_dataset/Yash/BARK/017.jpg,Yash,BARK
data/gesture_dataset/Yash/BARK/018.jpg,Yash,BARK
data/gesture_dataset/Yash/BARK/019.jpg,Yash,BARK
data/gesture_dataset/Yash/BARK/020.jpg,Yash,BARK
data/gesture_dataset/Yash/BARK/021.jpg,Yash,BARK
data/gesture_dataset/Yash/BARK/022.jpg,Yash,BARK
data/gesture_dataset/Yash/BARK/023.jpg,Yash,BARK
data/gesture_dataset/Yash/BARK/024.jpg,Yash,BARK
data/gesture_dataset/Yash/BARK/025.jpg,Yash,BARK
data/gesture_dataset/Yash/BARK/026.jpg,Yash,BARK
data/gesture_dataset/Yash/BARK/027.jpg,Yash,BARK
data/gesture_dataset/Yash/BARK/028.jpg,Yash,BARK
data/gesture_dataset/Yash/BARK/029.jpg,Yash,BARK
data/gesture_dataset/Yash/BARK/030.jpg,Yash,BARK
data/gesture_dataset/Aramaan/FORWARD/001.jpg,Aramaan,FORWARD
data/gesture_dataset/Aramaan/FORWARD/002.jpg,Aramaan,FORWARD
data/gesture_dataset/Aramaan/FORWARD/003.jpg,Aramaan,FORWARD
data/gesture_dataset/Aramaan/FORWARD/004.jpg,Aramaan,FORWARD
data/gesture_dataset/Aramaan/FORWARD/005.jpg,Aramaan,FORWARD
data/gesture_dataset/Aramaan/FORWARD/006.jpg,Aramaan,FORWARD
data/gesture_dataset/Aramaan/FORWARD/007.jpg,Aramaan,FORWARD
data/gesture_dataset/Aramaan/FORWARD/008.jpg,Aramaan,FORWARD
data/gesture_dataset/Aramaan/FORWARD/009.jpg,Aramaan,FORWARD
data/gesture_dataset/Aramaan/FORWARD/010.jpg,Aramaan,FORWARD
data/gesture_dataset/Aramaan/FORWARD/011.jpg,Aramaan,FORWARD
data/gesture_dataset/Aramaan/FORWARD/012.jpg,Aramaan,FORWARD
data/gesture_dataset/Aramaan/FORWARD/013.jpg,Aramaan,FORWARD
data/gesture_dataset/Aramaan/FORWARD/014.jpg,Aramaan,FORWARD
data/gesture_dataset/Aramaan/FORWARD/015.jpg,Aramaan,FORWARD
data/gesture_dataset/Aramaan/FORWARD/016.jpg,Aramaan,FORWARD
data/gesture_dataset/Aramaan/FORWARD/017.jpg,Aramaan,FORWARD
data/gesture_dataset/Aramaan/FORWARD/018.jpg,Aramaan,FORWARD
data/gesture_dataset/Aramaan/FORWARD/019.jpg,Aramaan,FORWARD
data/gesture_dataset/Aramaan/FORWARD/020.jpg,Aramaan,FORWARD
data/gesture_dataset/Aramaan/FORWARD/021.jpg,Aramaan,FORWARD
data/gesture_dataset/Aramaan/FORWARD/022.jpg,Aramaan,FORWARD
data/gesture_dataset/Aramaan/FORWARD/023.jpg,Aramaan,FORWARD
data/gesture_dataset/Aramaan/FORWARD/024.jpg,Aramaan,FORWARD
data/gesture_dataset/Aramaan/FORWARD/025.jpg,Aramaan,FORWARD
data/gesture_dataset/Aramaan/FORWARD/026.jpg,Aramaan,FORWARD
data/gesture_dataset/Aramaan/FORWARD/027.jpg,Aramaan,FORWARD
data/gesture_dataset/Aramaan/FORWARD/028.jpg,Aramaan,FORWARD
data/gesture_dataset/Aramaan/FORWARD/029.jpg,Aramaan,FORWARD
data/gesture_dataset/Aramaan/FORWARD/030.jpg,Aramaan,FORWARD
data/gesture_dataset/Aramaan/BACKWARD/001.jpg,Aramaan,BACKWARD
data/gesture_dataset/Aramaan/BACKWARD/002.jpg,Aramaan,BACKWARD
data/gesture_dataset/Aramaan/BACKWARD/003.jpg,Aramaan,BACKWARD
data/gesture_dataset/Aramaan/BACKWARD/004.jpg,Aramaan,BACKWARD
data/gesture_dataset/Aramaan/BACKWARD/005.jpg,Aramaan,BACKWARD
data/gesture_dataset/Aramaan/BACKWARD/006.jpg,Aramaan,BACKWARD
data/gesture_dataset/Aramaan/BACKWARD/007.jpg,Aramaan,BACKWARD
data/gesture_dataset/Aramaan/BACKWARD/008.jpg,Aramaan,BACKWARD
data/gesture_dataset/Aramaan/BACKWARD/009.jpg,Aramaan,BACKWARD
data/gesture_dataset/Aramaan/BACKWARD/010.jpg,Aramaan,BACKWARD
data/gesture_dataset/Aramaan/BACKWARD/011.jpg,Aramaan,BACKWARD
data/gesture_dataset/Aramaan/BACKWARD/012.jpg,Aramaan,BACKWARD
data/gesture_dataset/Aramaan/BACKWARD/013.jpg,Aramaan,BACKWARD
data/gesture_dataset/Aramaan/BACKWARD/014.jpg,Aramaan,BACKWARD
data/gesture_dataset/Aramaan/BACKWARD/015.jpg,Aramaan,BACKWARD
data/gesture_dataset/Aramaan/BACKWARD/016.jpg,Aramaan,BACKWARD
data/gesture_dataset/Aramaan/BACKWARD/017.jpg,Aramaan,BACKWARD
data/gesture_dataset/Aramaan/BACKWARD/018.jpg,Aramaan,BACKWARD
data/gesture_dataset/Aramaan/BACKWARD/019.jpg,Aramaan,BACKWARD
data/gesture_dataset/Aramaan/BACKWARD/020.jpg,Aramaan,BACKWARD
data/gesture_dataset/Aramaan/BACKWARD/021.jpg,Aramaan,BACKWARD
data/gesture_dataset/Aramaan/BACKWARD/022.jpg,Aramaan,BACKWARD
data/gesture_dataset/Aramaan/BACKWARD/023.jpg,Aramaan,BACKWARD
data/gesture_dataset/Aramaan/BACKWARD/024.jpg,Aramaan,BACKWARD
data/gesture_dataset/Aramaan/BACKWARD/025.jpg,Aramaan,BACKWARD
data/gesture_dataset/Aramaan/BACKWARD/026.jpg,Aramaan,BACKWARD
data/gesture_dataset/Aramaan/BACKWARD/027.jpg,Aramaan,BACKWARD
data/gesture_dataset/Aramaan/BACKWARD/028.jpg,Aramaan,BACKWARD
data/gesture_dataset/Aramaan/BACKWARD/029.jpg,Aramaan,BACKWARD
data/gesture_dataset/Aramaan/BACKWARD/030.jpg,Aramaan,BACKWARD
data/gesture_dataset/Aramaan/LEFT/001.jpg,Aramaan,LEFT
data/gesture_dataset/Aramaan/LEFT/002.jpg,Aramaan,LEFT
data/gesture_dataset/Aramaan/LEFT/003.jpg,Aramaan,LEFT
data/gesture_dataset/Aramaan/LEFT/004.jpg,Aramaan,LEFT
data/gesture_dataset/Aramaan/LEFT/005.jpg,Aramaan,LEFT
data/gesture_dataset/Aramaan/LEFT/006.jpg,Aramaan,LEFT
data/gesture_dataset/Aramaan/LEFT/007.jpg,Aramaan,LEFT
data/gesture_dataset/Aramaan/LEFT/008.jpg,Aramaan,LEFT
data/gesture_dataset/Aramaan/LEFT/009.jpg,Aramaan,LEFT
data/gesture_dataset/Aramaan/LEFT/010.jpg,Aramaan,LEFT
data/gesture_dataset/Aramaan/LEFT/011.jpg,Aramaan,LEFT
data/gesture_dataset/Aramaan/LEFT/012.jpg,Aramaan,LEFT
data/gesture_dataset/Aramaan/LEFT/013.jpg,Aramaan,LEFT
data/gesture_dataset/Aramaan/LEFT/014.jpg,Aramaan,LEFT
data/gesture_dataset/Aramaan/LEFT/015.jpg,Aramaan,LEFT
data/gesture_dataset/Aramaan/LEFT/016.jpg,Aramaan,LEFT
data/gesture_dataset/Aramaan/LEFT/017.jpg,Aramaan,LEFT
data/gesture_dataset/Aramaan/LEFT/018.jpg,Aramaan,LEFT
data/gesture_dataset/Aramaan/LEFT/019.jpg,Aramaan,LEFT
data/gesture_dataset/Aramaan/LEFT/020.jpg,Aramaan,LEFT
data/gesture_dataset/Aramaan/LEFT/021.jpg,Aramaan,LEFT
data/gesture_dataset/Aramaan/LEFT/022.jpg,Aramaan,LEFT
data/gesture_dataset/Aramaan/LEFT/023.jpg,Aramaan,LEFT
data/gesture_dataset/Aramaan/LEFT/024.jpg,Aramaan,LEFT
data/gesture_dataset/Aramaan/LEFT/025.jpg,Aramaan,LEFT
data/gesture_dataset/Aramaan/LEFT/026.jpg,Aramaan,LEFT
data/gesture_dataset/Aramaan/LEFT/027.jpg,Aramaan,LEFT
data/gesture_dataset/Aramaan/LEFT/028.jpg,Aramaan,LEFT
data/gesture_dataset/Aramaan/LEFT/029.jpg,Aramaan,LEFT
data/gesture_dataset/Aramaan/LEFT/030.jpg,Aramaan,LEFT
data/gesture_dataset/Aramaan/RIGHT/001.jpg,Aramaan,RIGHT
data/gesture_dataset/Aramaan/RIGHT/002.jpg,Aramaan,RIGHT
data/gesture_dataset/Aramaan/RIGHT/003.jpg,Aramaan,RIGHT
data/gesture_dataset/Aramaan/RIGHT/004.jpg,Aramaan,RIGHT
data/gesture_dataset/Aramaan/RIGHT/005.jpg,Aramaan,RIGHT
data/gesture_dataset/Aramaan/RIGHT/006.jpg,Aramaan,RIGHT
data/gesture_dataset/Aramaan/RIGHT/007.jpg,Aramaan,RIGHT
data/gesture_dataset/Aramaan/RIGHT/008.jpg,Aramaan,RIGHT
data/gesture_dataset/Aramaan/RIGHT/009.jpg,Aramaan,RIGHT
data/gesture_dataset/Aramaan/RIGHT/010.jpg,Aramaan,RIGHT
data/gesture_dataset/Aramaan/RIGHT/011.jpg,Aramaan,RIGHT
data/gesture_dataset/Aramaan/RIGHT/012.jpg,Aramaan,RIGHT
data/gesture_dataset/Aramaan/RIGHT/013.jpg,Aramaan,RIGHT
data/gesture_dataset/Aramaan/RIGHT/014.jpg,Aramaan,RIGHT
data/gesture_dataset/Aramaan/RIGHT/015.jpg,Aramaan,RIGHT
data/gesture_dataset/Aramaan/RIGHT/016.jpg,Aramaan,RIGHT
data/gesture_dataset/Aramaan/RIGHT/017.jpg,Aramaan,RIGHT
data/gesture_dataset/Aramaan/RIGHT/018.jpg,Aramaan,RIGHT
data/gesture_dataset/Aramaan/RIGHT/019.jpg,Aramaan,RIGHT
data/gesture_dataset/Aramaan/RIGHT/020.jpg,Aramaan,RIGHT
data/gesture_dataset/Aramaan/RIGHT/021.jpg,Aramaan,RIGHT
data/gesture_dataset/Aramaan/RIGHT/022.jpg,Aramaan,RIGHT
data/gesture_dataset/Aramaan/RIGHT/023.jpg,Aramaan,RIGHT
data/gesture_dataset/Aramaan/RIGHT/024.jpg,Aramaan,RIGHT
data/gesture_dataset/Aramaan/RIGHT/025.jpg,Aramaan,RIGHT
data/gesture_dataset/Aramaan/RIGHT/026.jpg,Aramaan,RIGHT
data/gesture_dataset/Aramaan/RIGHT/027.jpg,Aramaan,RIGHT
data/gesture_dataset/Aramaan/RIGHT/028.jpg,Aramaan,RIGHT
data/gesture_dataset/Aramaan/RIGHT/029.jpg,Aramaan,RIGHT
data/gesture_dataset/Aramaan/RIGHT/030.jpg,Aramaan,RIGHT
data/gesture_dataset/Aramaan/SIT/001.jpg,Aramaan,SIT
data/gesture_dataset/Aramaan/SIT/002.jpg,Aramaan,SIT
data/gesture_dataset/Aramaan/SIT/003.jpg,Aramaan,SIT
data/gesture_dataset/Aramaan/SIT/004.jpg,Aramaan,SIT
data/gesture_dataset/Aramaan/SIT/005.jpg,Aramaan,SIT
data/gesture_dataset/Aramaan/SIT/006.jpg,Aramaan,SIT
data/gesture_dataset/Aramaan/SIT/007.jpg,Aramaan,SIT
data/gesture_dataset/Aramaan/SIT/008.jpg,Aramaan,SIT
data/gesture_dataset/Aramaan/SIT/009.jpg,Aramaan,SIT
data/gesture_dataset/Aramaan/SIT/010.jpg,Aramaan,SIT
data/gesture_dataset/Aramaan/SIT/011.jpg,Aramaan,SIT
data/gesture_dataset/Aramaan/SIT/012.jpg,Aramaan,SIT
data/gesture_dataset/Aramaan/SIT/013.jpg,Aramaan,SIT
data/gesture_dataset/Aramaan/SIT/014.jpg,Aramaan,SIT
data/gesture_dataset/Aramaan/SIT/015.jpg,Aramaan,SIT
data/gesture_dataset/Aramaan/SIT/016.jpg,Aramaan,SIT
data/gesture_dataset/Aramaan/SIT/017.jpg,Aramaan,SIT
data/gesture_dataset/Aramaan/SIT/018.jpg,Aramaan,SIT
data/gesture_dataset/Aramaan/SIT/019.jpg,Aramaan,SIT
data/gesture_dataset/Aramaan/SIT/020.jpg,Aramaan,SIT
data/gesture_dataset/Aramaan/SIT/021.jpg,Aramaan,SIT
data/gesture_dataset/Aramaan/SIT/022.jpg,Aramaan,SIT
data/gesture_dataset/Aramaan/SIT/023.jpg,Aramaan,SIT
data/gesture_dataset/Aramaan/SIT/024.jpg,Aramaan,SIT
data/gesture_dataset/Aramaan/SIT/025.jpg,Aramaan,SIT
data/gesture_dataset/Aramaan/SIT/026.jpg,Aramaan,SIT
data/gesture_dataset/Aramaan/SIT/027.jpg,Aramaan,SIT
data/gesture_dataset/Aramaan/SIT/028.jpg,Aramaan,SIT
data/gesture_dataset/Aramaan/SIT/029.jpg,Aramaan,SIT
data/gesture_dataset/Aramaan/SIT/030.jpg,Aramaan,SIT
data/gesture_dataset/Aramaan/STAND/001.jpg,Aramaan,STAND
data/gesture_dataset/Aramaan/STAND/002.jpg,Aramaan,STAND
data/gesture_dataset/Aramaan/STAND/003.jpg,Aramaan,STAND
data/gesture_dataset/Aramaan/STAND/004.jpg,Aramaan,STAND
data/gesture_dataset/Aramaan/STAND/005.jpg,Aramaan,STAND
data/gesture_dataset/Aramaan/STAND/006.jpg,Aramaan,STAND
data/gesture_dataset/Aramaan/STAND/007.jpg,Aramaan,STAND
data/gesture_dataset/Aramaan/STAND/008.jpg,Aramaan,STAND
data/gesture_dataset/Aramaan/STAND/009.jpg,Aramaan,STAND
data/gesture_dataset/Aramaan/STAND/010.jpg,Aramaan,STAND
data/gesture_dataset/Aramaan/STAND/011.jpg,Aramaan,STAND
data/gesture_dataset/Aramaan/STAND/012.jpg,Aramaan,STAND
data/gesture_dataset/Aramaan/STAND/013.jpg,Aramaan,STAND
data/gesture_dataset/Aramaan/STAND/014.jpg,Aramaan,STAND
data/gesture_dataset/Aramaan/STAND/015.jpg,Aramaan,STAND
data/gesture_dataset/Aramaan/STAND/016.jpg,Aramaan,STAND
data/gesture_dataset/Aramaan/STAND/017.jpg,Aramaan,STAND
data/gesture_dataset/Aramaan/STAND/018.jpg,Aramaan,STAND
data/gesture_dataset/Aramaan/STAND/019.jpg,Aramaan,STAND
data/gesture_dataset/Aramaan/STAND/020.jpg,Aramaan,STAND
data/gesture_dataset/Aramaan/STAND/021.jpg,Aramaan,STAND
data/gesture_dataset/Aramaan/STAND/022.jpg,Aramaan,STAND
data/gesture_dataset/Aramaan/STAND/023.jpg,Aramaan,STAND
data/gesture_dataset/Aramaan/STAND/024.jpg,Aramaan,STAND
data/gesture_dataset/Aramaan/STAND/025.jpg,Aramaan,STAND
data/gesture_dataset/Aramaan/STAND/026.jpg,Aramaan,STAND
data/gesture_dataset/Aramaan/STAND/027.jpg,Aramaan,STAND
data/gesture_dataset/Aramaan/STAND/028.jpg,Aramaan,STAND
data/gesture_dataset/Aramaan/STAND/029.jpg,Aramaan,STAND
data/gesture_dataset/Aramaan/STAND/030.jpg,Aramaan,STAND
data/gesture_dataset/Aramaan/WALK/001.jpg,Aramaan,WALK
data/gesture_dataset/Aramaan/WALK/002.jpg,Aramaan,WALK
data/gesture_dataset/Aramaan/WALK/003.jpg,Aramaan,WALK
data/gesture_dataset/Aramaan/WALK/004.jpg,Aramaan,WALK
data/gesture_dataset/Aramaan/WALK/005.jpg,Aramaan,WALK
data/gesture_dataset/Aramaan/WALK/006.jpg,Aramaan,WALK
data/gesture_dataset/Aramaan/WALK/007.jpg,Aramaan,WALK
data/gesture_dataset/Aramaan/WALK/008.jpg,Aramaan,WALK
data/gesture_dataset/Aramaan/WALK/009.jpg,Aramaan,WALK
data/gesture_dataset/Aramaan/WALK/010.jpg,Aramaan,WALK
data/gesture_dataset/Aramaan/WALK/011.jpg,Aramaan,WALK
data/gesture_dataset/Aramaan/WALK/012.jpg,Aramaan,WALK
data/gesture_dataset/Aramaan/WALK/013.jpg,Aramaan,WALK
data/gesture_dataset/Aramaan/WALK/014.jpg,Aramaan,WALK
data/gesture_dataset/Aramaan/WALK/015.jpg,Aramaan,WALK
data/gesture_dataset/Aramaan/WALK/016.jpg,Aramaan,WALK
data/gesture_dataset/Aramaan/WALK/017.jpg,Aramaan,WALK
data/gesture_dataset/Aramaan/WALK/018.jpg,Aramaan,WALK
data/gesture_dataset/Aramaan/WALK/019.jpg,Aramaan,WALK
data/gesture_dataset/Aramaan/WALK/020.jpg,Aramaan,WALK
data/gesture_dataset/Aramaan/WALK/021.jpg,Aramaan,WALK
data/gesture_dataset/Aramaan/WALK/022.jpg,Aramaan,WALK
data/gesture_dataset/Aramaan/WALK/023.jpg,Aramaan,WALK
data/gesture_dataset/Aramaan/WALK/024.jpg,Aramaan,WALK
data/gesture_dataset/Aramaan/WALK/025.jpg,Aramaan,WALK
data/gesture_dataset/Aramaan/WALK/026.jpg,Aramaan,WALK
data/gesture_dataset/Aramaan/WALK/027.jpg,Aramaan,WALK
data/gesture_dataset/Aramaan/WALK/028.jpg,Aramaan,WALK
data/gesture_dataset/Aramaan/WALK/029.jpg,Aramaan,WALK
data/gesture_dataset/Aramaan/WALK/030.jpg,Aramaan,WALK
data/gesture_dataset/Aramaan/TAIL_WAG/001.jpg,Aramaan,TAIL_WAG
data/gesture_dataset/Aramaan/TAIL_WAG/002.jpg,Aramaan,TAIL_WAG
data/gesture_dataset/Aramaan/TAIL_WAG/003.jpg,Aramaan,TAIL_WAG
data/gesture_dataset/Aramaan/TAIL_WAG/004.jpg,Aramaan,TAIL_WAG
data/gesture_dataset/Aramaan/TAIL_WAG/005.jpg,Aramaan,TAIL_WAG
data/gesture_dataset/Aramaan/TAIL_WAG/006.jpg,Aramaan,TAIL_WAG
data/gesture_dataset/Aramaan/TAIL_WAG/007.jpg,Aramaan,TAIL_WAG
data/gesture_dataset/Aramaan/TAIL_WAG/008.jpg,Aramaan,TAIL_WAG
data/gesture_dataset/Aramaan/TAIL_WAG/009.jpg,Aramaan,TAIL_WAG
data/gesture_dataset/Aramaan/TAIL_WAG/010.jpg,Aramaan,TAIL_WAG
data/gesture_dataset/Aramaan/TAIL_WAG/011.jpg,Aramaan,TAIL_WAG
data/gesture_dataset/Aramaan/TAIL_WAG/012.jpg,Aramaan,TAIL_WAG
data/gesture_dataset/Aramaan/TAIL_WAG/013.jpg,Aramaan,TAIL_WAG
data/gesture_dataset/Aramaan/TAIL_WAG/014.jpg,Aramaan,TAIL_WAG
data/gesture_dataset/Aramaan/TAIL_WAG/015.jpg,Aramaan,TAIL_WAG
data/gesture_dataset/Aramaan/TAIL_WAG/016.jpg,Aramaan,TAIL_WAG
data/gesture_dataset/Aramaan/TAIL_WAG/017.jpg,Aramaan,TAIL_WAG
data/gesture_dataset/Aramaan/TAIL_WAG/018.jpg,Aramaan,TAIL_WAG
data/gesture_dataset/Aramaan/TAIL_WAG/019.jpg,Aramaan,TAIL_WAG
data/gesture_dataset/Aramaan/TAIL_WAG/020.jpg,Aramaan,TAIL_WAG
data/gesture_dataset/Aramaan/TAIL_WAG/021.jpg,Aramaan,TAIL_WAG
data/gesture_dataset/Aramaan/TAIL_WAG/022.jpg,Aramaan,TAIL_WAG
data/gesture_dataset/Aramaan/TAIL_WAG/023.jpg,Aramaan,TAIL_WAG
data/gesture_dataset/Aramaan/TAIL_WAG/024.jpg,Aramaan,TAIL_WAG
data/gesture_dataset/Aramaan/TAIL_WAG/025.jpg,Aramaan,TAIL_WAG
data/gesture_dataset/Aramaan/TAIL_WAG/026.jpg,Aramaan,TAIL_WAG
data/gesture_dataset/Aramaan/TAIL_WAG/027.jpg,Aramaan,TAIL_WAG
data/gesture_dataset/Aramaan/TAIL_WAG/028.jpg,Aramaan,TAIL_WAG
data/gesture_dataset/Aramaan/TAIL_WAG/029.jpg,Aramaan,TAIL_WAG
data/gesture_dataset/Aramaan/TAIL_WAG/030.jpg,Aramaan,TAIL_WAG
data/gesture_dataset/Aramaan/STOP/001.jpg,Aramaan,STOP
data/gesture_dataset/Aramaan/STOP/002.jpg,Aramaan,STOP
data/gesture_dataset/Aramaan/STOP/003.jpg,Aramaan,STOP
data/gesture_dataset/Aramaan/STOP/004.jpg,Aramaan,STOP
data/gesture_dataset/Aramaan/STOP/005.jpg,Aramaan,STOP
data/gesture_dataset/Aramaan/STOP/006.jpg,Aramaan,STOP
data/gesture_dataset/Aramaan/STOP/007.jpg,Aramaan,STOP
data/gesture_dataset/Aramaan/STOP/008.jpg,Aramaan,STOP
data/gesture_dataset/Aramaan/STOP/009.jpg,Aramaan,STOP
data/gesture_dataset/Aramaan/STOP/010.jpg,Aramaan,STOP
data/gesture_dataset/Aramaan/STOP/011.jpg,Aramaan,STOP
data/gesture_dataset/Aramaan/STOP/012.jpg,Aramaan,STOP
data/gesture_dataset/Aramaan/STOP/013.jpg,Aramaan,STOP
data/gesture_dataset/Aramaan/STOP/014.jpg,Aramaan,STOP
data/gesture_dataset/Aramaan/STOP/015.jpg,Aramaan,STOP
data/gesture_dataset/Aramaan/STOP/016.jpg,Aramaan,STOP
data/gesture_dataset/Aramaan/STOP/017.jpg,Aramaan,STOP
data/gesture_dataset/Aramaan/STOP/018.jpg,Aramaan,STOP
data/gesture_dataset/Aramaan/STOP/019.jpg,Aramaan,STOP
data/gesture_dataset/Aramaan/STOP/020.jpg,Aramaan,STOP
data/gesture_dataset/Aramaan/STOP/021.jpg,Aramaan,STOP
data/gesture_dataset/Aramaan/STOP/022.jpg,Aramaan,STOP
data/gesture_dataset/Aramaan/STOP/023.jpg,Aramaan,STOP
data/gesture_dataset/Aramaan/STOP/024.jpg,Aramaan,STOP
data/gesture_dataset/Aramaan/STOP/025.jpg,Aramaan,STOP
data/gesture_dataset/Aramaan/STOP/026.jpg,Aramaan,STOP
data/gesture_dataset/Aramaan/STOP/027.jpg,Aramaan,STOP
data/gesture_dataset/Aramaan/STOP/028.jpg,Aramaan,STOP
data/gesture_dataset/Aramaan/STOP/029.jpg,Aramaan,STOP
data/gesture_dataset/Aramaan/STOP/030.jpg,Aramaan,STOP
data/gesture_dataset/Aramaan/BARK/001.jpg,Aramaan,BARK
data/gesture_dataset/Aramaan/BARK/002.jpg,Aramaan,BARK
data/gesture_dataset/Aramaan/BARK/003.jpg,Aramaan,BARK
data/gesture_dataset/Aramaan/BARK/004.jpg,Aramaan,BARK
data/gesture_dataset/Aramaan/BARK/005.jpg,Aramaan,BARK
data/gesture_dataset/Aramaan/BARK/006.jpg,Aramaan,BARK
data/gesture_dataset/Aramaan/BARK/007.jpg,Aramaan,BARK
data/gesture_dataset/Aramaan/BARK/008.jpg,Aramaan,BARK
data/gesture_dataset/Aramaan/BARK/009.jpg,Aramaan,BARK
data/gesture_dataset/Aramaan/BARK/010.jpg,Aramaan,BARK
data/gesture_dataset/Aramaan/BARK/011.jpg,Aramaan,BARK
data/gesture_dataset/Aramaan/BARK/012.jpg,Aramaan,BARK
data/gesture_dataset/Aramaan/BARK/013.jpg,Aramaan,BARK
data/gesture_dataset/Aramaan/BARK/014.jpg,Aramaan,BARK
data/gesture_dataset/Aramaan/BARK/015.jpg,Aramaan,BARK
data/gesture_dataset/Aramaan/BARK/016.jpg,Aramaan,BARK
data/gesture_dataset/Aramaan/BARK/017.jpg,Aramaan,BARK
data/gesture_dataset/Aramaan/BARK/018.jpg,Aramaan,BARK
data/gesture_dataset/Aramaan/BARK/019.jpg,Aramaan,BARK
data/gesture_dataset/Aramaan/BARK/020.jpg,Aramaan,BARK
data/gesture_dataset/Aramaan/BARK/021.jpg,Aramaan,BARK
data/gesture_dataset/Aramaan/BARK/022.jpg,Aramaan,BARK
data/gesture_dataset/Aramaan/BARK/023.jpg,Aramaan,BARK
data/gesture_dataset/Aramaan/BARK/024.jpg,Aramaan,BARK
data/gesture_dataset/Aramaan/BARK/025.jpg,Aramaan,BARK
data/gesture_dataset/Aramaan/BARK/026.jpg,Aramaan,BARK
data/gesture_dataset/Aramaan/BARK/027.jpg,Aramaan,BARK
data/gesture_dataset/Aramaan/BARK/028.jpg,Aramaan,BARK
data/gesture_dataset/Aramaan/BARK/029.jpg,Aramaan,BARK
data/gesture_dataset/Aramaan/BARK/030.jpg,Aramaan,BARK
